"time","I.pob","R.pob","S.pob","dia"
0,1,0,999,0
0.2,1.052687514458787,0.02931832246355928,998.9179941630778,0.2
0.4,1.108142254099134,0.0601805277691318,998.8316772181319,0.4
0.6,1.166509971839716,0.09266837693827215,998.7408216512221,0.6
0.8,1.227943554159599,0.1268676828220101,998.6451887630184,0.8
1,1.292602724705771,0.1628681441906891,998.5445291311036,1
1.2,1.360655318537213,0.2007640738650155,998.4385806075979,1.2
1.4,1.432278151861394,0.2406548976999352,998.3270669504388,1.4
1.6,1.507657178274075,0.2826452539465786,998.2096975677794,1.6
1.8,1.586987554258926,0.3268450359641015,998.0861674097771,1.8
2,1.670475266371824,0.3733703247964735,997.9561544088317,2
2.2,1.758336286427646,0.4223429293606303,997.8193207842118,2.2
2.4,1.850797640166061,0.4738909962687445,997.6753113635654,2.4
2.6,1.94809805541395,0.5281494044739858,997.5237525401121,2.6
2.8,2.050488290829752,0.5852599604287523,997.3642517487417,2.8
3,2.15823194376835,0.6453718836813614,997.1963961725504,3
3.2,2.271605635009621,0.708641918963025,997.0197524460275,3.2
3.4,2.390900223824563,0.7752350689761369,996.8338647071993,3.4
3.6,2.516421274547058,0.8453248825476282,996.6382538429054,3.6
3.8,2.648489519108307,0.9190937423866172,996.4324167385051,3.8
4,2.787441857307631,0.9967334762969253,996.2158246663955,4
4.2,2.933631831602609,1.078445651342044,995.9879225170555,4.2
4.4,3.087431175064752,1.164442540554691,995.7481262843805,4.4
4.6,3.249229623880752,1.254946989777248,995.4958233863421,4.6
4.8,3.419436368735221,1.350193360560064,995.2303702707047,4.8
5,3.598480845263086,1.450428056270275,994.9510910984666,5
5.2,3.78681320245618,1.555909720232694,994.6572770773111,5.2
5.4,3.984906236878166,1.66691066099235,994.3481831021295,5.4
5.6,4.193254940118224,1.783716360258093,994.0230286996236,5.6
5.8,4.412378966574514,1.906627283241553,993.6809937501839,5.8
6,4.642823576095091,2.03595949129662,993.3212169326083,6
6.2,4.885159272056533,2.17204423884199,992.9427964891014,6.2
6.4,5.139984467407174,2.315229997505514,992.5447855350872,6.4
6.6,5.407925385861803,2.465882167080657,992.1261924470574,6.6
6.8,5.689638244217405,2.624384849586703,991.6859769061957,6.8
7,5.985809986287262,2.791141256440167,991.2230487572725,7
7.2,6.297159148375669,2.966574252246946,990.7362665993772,7.2
7.4,6.624438878498099,3.151129096955455,990.2244320245463,7.4
7.6,6.96843575071641,3.345271805714439,989.6862924435691,7.6
7.8,7.329972517887255,3.549491824953747,989.1205356571589,7.8
8,7.709908936178042,3.76430237267214,988.5257886911497,8
8.199999999999999,8.109143112872619,3.990241602078535,987.9006152850488,8.199999999999999
8.4,8.528613149328454,4.227874440276601,987.2435124103949,8.4
8.6,8.969297732699747,4.47779208426407,986.5529101830363,8.6
8.800000000000001,9.432218608993319,4.740615700992348,985.8271656900145,8.800000000000001
9,9.918440957224909,5.016995396815723,985.0645636459594,9
9.199999999999999,10.42907506955262,5.307612555163709,984.2633123752836,9.199999999999999
9.4,10.96527780019587,5.613181815503729,983.4215403843004,9.4
9.6,11.5282537293542,5.93445063832295,982.5372956323229,9.6
9.800000000000001,12.1192551543845,6.272202299606191,981.6085425460094,9.800000000000001
10,12.7395852953398,6.627256041635633,980.6331586630246,10
10.2,13.39059737259918,7.000469096324814,979.6089335310759,10.2
10.4,14.07369561843598,7.392737971335809,978.5335664102281,10.4
10.6,14.79033804227468,7.804999460210019,977.4046624975152,10.6
10.8,15.54203360041204,8.23823377285812,976.21973262673,10.8
11,16.3303470697764,8.693463722828506,974.976189207395,11
11.2,17.15689592330815,9.171758503217953,973.6713455734738,11.2
11.4,18.02335200339692,9.674234668525573,972.3024133280775,11.4
11.6,18.93144309433085,10.20205681724087,970.8665000884282,11.6
11.8,19.88294694066576,10.75644038827221,969.360612671062,11.8
12,20.87969985361114,11.33865248456374,967.7816476618251,12
12.2,21.9235842222247,11.95001255208784,966.1264032256875,12.2
12.4,23.0165347331485,12.59189467298176,964.3915705938698,12.4
12.6,24.1605382906111,13.26572919828252,962.5737325111062,12.6
12.8,25.35762576624038,13.97300330064914,960.6693709331104,12.8
13,26.60987945800403,14.71526319833106,958.6748573436648,13
13.2,27.91941181899727,15.4941145954136,956.586473585589,13.2
13.4,29.28838076881602,16.31122477903419,954.4003944521496,13.4
13.6,30.71897812117497,17.16832317957353,952.1126986992515,13.6
13.8,32.21341762745519,18.06720160616126,949.7193807663836,13.8
14,33.77394880312663,19.00971776518081,947.2163334316925,14
14.2,35.40282145889616,19.99779012320607,944.5993884178976,14.2
14.4,37.10231145916438,21.03340555900461,941.8642829818309,14.4
14.6,38.87469010438436,22.11861424001961,939.0066956555961,14.6
14.8,40.72221516710021,23.25552949209509,936.0222553408046,14.8
15,42.64714495420739,24.44633318547053,932.906521860322,15
15.2,44.65168604356901,25.69326497090527,929.6550489855258,15.2
15.4,46.73803063802719,26.99863367078337,926.2633356911895,15.4
15.6,48.90830624610641,28.36480611538011,922.7268876385135,15.6
15.8,51.16457320865855,29.79420866560224,919.0412181257392,15.8
16,53.50882772014072,31.28933034996898,915.2018419298904,16
16.2,55.94294488711299,32.85270691891817,911.2043481939688,16.2
16.4,58.46871604068438,34.48693682615909,907.0443471331565,16.4
16.6,61.08778305886706,36.19465984934583,902.7175570917871,16.6
16.8,63.80164424625909,37.97856303825652,898.2197927154843,16.8
17,66.61164022989445,39.84137830280641,893.5469814672991,17
17.2,69.51890025128058,41.78586222361162,888.6952375251077,17.2
17.4,72.52437084496313,43.81481499787645,883.6608141571603,17.4
17.6,75.62874545903104,45.93104746413259,878.4402070768363,17.6
17.8,78.8324747903976,48.13739461753704,873.0301305920652,17.8
18,82.13573549318851,50.43670146157482,867.4275630452365,18
18.2,85.53839348132276,52.83180349670428,861.6298030219729,18.2
18.4,89.04000744809474,55.3255441957302,855.634448356175,18.4
18.6,92.63978367864419,57.92073460879738,849.4394817125584,18.6
18.8,96.33656702411393,60.62017247887209,843.0432604970139,18.8
19,100.1288150358644,63.42660897097763,836.444575993158,19
19.2,104.0145772699868,66.3427309838178,829.6426917461953,19.2
19.4,107.9914712864348,69.37118228784882,822.6373464257163,19.4
19.6,112.0566933195955,72.51452359574336,815.4287830846609,19.6
19.8,116.2069544865446,75.77523653108962,808.0178089823656,19.8
20,120.4385251108442,79.15569782423644,800.4057770649193,20
20.2,124.7472123167342,82.65816890358821,792.5946187796776,20.2
20.4,129.1283032197817,86.28479403020968,784.5869027500088,20.4
20.6,133.5766464178553,90.0375631820679,776.385790400077,20.6
20.8,138.0865479937083,93.91832378271666,767.9951282235751,20.8
21,142.6518793752603,97.92874773657945,759.4193728881603,21
21.2,147.2660257986843,102.0703238215724,750.6636503797436,21.2
21.4,151.921876483107,106.3443472548034,741.7337762620898,21.4
21.6,156.6119758168102,110.7519049855883,732.6361191976016,21.6
21.8,161.3283313794211,115.2938582700268,723.3778103505524,21.8
22,166.0626570238366,119.9708433580744,713.9664996180894,22
22.2,170.8062558765472,124.7832476102391,704.410496513214,22.2
22.4,175.5501111395642,129.7312064991383,694.718682361298,22.4
22.6,180.2849459057538,134.8145955311578,684.9004585630888,22.6
22.8,185.0012009763523,140.0330153065267,674.9657837171214,22.8
23,189.6891996223698,145.3858051065581,664.9249952710727,23
23.2,194.339049534992,150.8720072882326,654.7889431767762,23.2
23.4,198.940832059718,156.490403129901,644.5687648103819,23.4
23.6,203.4845407662852,162.2394668213098,634.2759924124061,23.6
23.8,207.9602183018017,168.1174095829429,623.9223721152567,23.8
24,212.3579491080592,174.1221366922015,613.5199141997406,24
24.2,216.667967961562,180.2512873566628,603.0807446817764,24.2
24.4,220.8806859811065,186.5022138635729,592.6171001553219,24.4
24.6,224.9867596070107,192.8719990430383,582.1412413499523,24.6
24.8,228.9771613608588,199.3574706032078,571.6653680359346,24.8
25,232.8432052007955,205.9551880472254,561.2016067519804,25
25.2,236.5766068046467,212.6614919924833,550.7619012028715,25.2
25.4,240.1695499611122,219.472468497323,540.3579815415662,25.4
25.6,243.6146501661093,226.3840118464138,530.0013379874783,25.6
25.8,246.9051086082349,233.3917914820015,519.7030999097651,25.8
26,250.034600117203,240.4913073146044,509.4740925681939,26
26.2,252.997444512694,247.6778709701998,499.3246845171072,26.2
26.4,255.7885195786233,254.9466491958082,489.2648312255693,26.4
26.6,258.403344278477,262.2926654536725,479.3039902678512,26.6
26.8,260.8380716619529,269.7108238241495,469.4511045138981,26.8
27,263.0894793051269,277.1959341284514,459.7145865664223,27
27.2,265.1550263492641,284.7427155995316,450.1022580512047,27.2
27.4,267.0327431406731,292.3458343804689,440.6214224788584,27.4
27.6,268.7213714554292,299.9999050939226,431.2787234506488,27.6
27.8,270.2201698192355,307.6995139845311,422.0803161962338,27.8
28,271.5290868307661,315.4392408117885,413.0316723574455,28
28.2,272.6485683249558,323.2136604135772,404.1377712614668,28.2
28.4,273.5796788785708,331.0173764025906,395.4029447188382,28.4
28.6,274.3239802208536,338.8450240289667,386.8309957501789,28.6
28.8,274.8835525509124,346.6912914903424,378.4251559587445,28.8
29,275.2609541743345,354.550934469474,370.1881113561906,29
29.2,275.4591698195957,362.4187889792867,362.1220412011168,29.2
29.4,275.481619199273,370.2897869748592,354.2285938258671,29.4
29.6,275.3320586914772,378.1589567533964,346.5089845551258,29.6
29.8,275.0146174000249,386.0214538588358,338.9639287411387,29.8
30,274.533701397729,393.8725340514065,331.5937645508637,30
30.2,273.8940008044391,401.7076051031942,324.3983940923657,30.2
30.4,273.1004449186257,409.5221885589478,317.3773665224252,30.4
30.6,272.1581624281023,417.3119642528237,310.5298733190728,30.6
30.8,271.0724643118049,425.0727532963417,303.8547823918523,30.8
31,269.848804189064,432.8005330941268,297.350662716808,31
31.2,268.4927480936784,440.4914411706168,291.0158107357038,31.2
31.4,267.0099496524111,448.1417753925861,284.848274955002,31.4
31.6,265.4061151839738,455.7480034601194,278.845881355906,31.6
31.8,263.6869921385361,463.3067449840648,273.0062628773985,31.8
32,261.8583206154264,470.8148008022005,267.3268785823723,32
32.2,259.9258566453224,478.2691128107749,261.8050305439019,32.2
32.4,257.8952928516336,485.6668034648794,256.437903683486,32.4
32.6,255.7723096826847,493.0051433947703,251.2225469225439,32.6
32.8,253.5624950217226,500.2815694316504,246.1559355466259,32.8
33,251.2713735232591,507.4936771046386,241.2349493721015,33
33.2,248.9043729266091,514.639220798659,236.4564062747311,33.2
33.4,246.4668109231317,521.7161099062318,231.8170791706361,33.4
33.6,243.963895755668,528.7224061576201,227.3136980867117,33.6
33.8,241.4006969584848,535.656322885097,222.9429801564181,33.8
34,238.7821690810707,542.5162053189712,218.7016255999578,34
34.2,236.1131032742259,549.3005492439177,214.5863474818561,34.2
34.4,233.3981756081126,556.0079707152204,210.5938536766664,34.4
34.6,230.6418865137064,562.6372215296254,206.7208919566675,34.6
34.8,227.8486083034047,569.1871807770196,202.964210919575,34.8
35,225.0225439880431,575.6568458028706,199.3206102090858,35
35.2,222.1677473148617,582.0453379839231,195.7869147012148,35.2
35.4,219.2881127871818,588.3518958245089,192.3599913883091,35.4
35.6,216.3873749246743,594.5758661584554,189.0367589168706,35.6
35.8,213.4691148334121,600.7167016452181,185.81418352137,35.8
36,210.5367498853042,606.773958160135,182.6892919545609,36
36.2,207.5935558064035,612.7472756106205,179.659168582976,36.2
36.4,204.642643138014,618.6363907733314,176.7209660886544,36.4
36.6,201.6869877339179,624.4411220695844,173.8718901964971,36.6
36.8,198.7294090363353,630.1613653492457,171.1092256144186,36.8
37,195.7725886080278,635.7971065225678,168.4303048694042,37
37.2,192.8190650252869,641.3483988029196,165.8325361717934,37.2
37.4,189.8712396331646,646.815372890335,163.3133874765007,37.4
37.6,186.9313785992952,652.1982310906486,160.8703903100568,37.6
37.8,184.0016180531123,657.497236626337,158.5011453205512,37.8
38,181.0839697510345,662.7127089389013,156.2033213100645,38
38.2,178.1803204087998,667.8450269345767,153.9746526566236,38.2
38.4,175.2924455601797,672.8946103774224,151.8129440623975,38.4
38.6,172.4220031612495,677.8619286242217,149.7160682145284,38.6
38.8,169.5705445907629,682.7475016901354,147.6819537191011,38.8
39,166.7395166395353,687.5518810254009,145.7086023350635,39
39.2,163.9302613641224,692.2756745233152,143.7940641125626,39.2
39.4,161.1440251481092,696.9195223003643,141.9364525515269,39.4
39.6,158.3819592977533,701.4841022168082,140.133938485439,39.6
39.8,155.6451241384735,705.9701282196448,138.3847476418821,39.8
40,152.9344948886053,710.3783414853934,136.6871636260017,40
40.2,150.2509663647938,714.709501109808,135.0395325253982,40.2
40.4,147.595354023231,718.9643948904633,133.4402510863055,40.4
40.6,144.9684011618746,723.1438251129373,131.8877737251877,40.6
40.8,142.3707808541939,727.2486095793575,130.3806095664482,40.8
41,139.8030938464106,731.2796035101887,128.9173026434005,41
41.2,137.2658809377738,735.2376646291009,127.4964544331252,41.2
41.4,134.7596196552098,739.1236701386981,126.116710206092,41.4
41.6,132.2847268550485,742.9385099722231,124.7767631727288,41.6
41.8,129.8415664827808,746.6830889243137,123.4753445929067,41.8
42,127.4304515483744,750.3583183651518,122.2112300864756,42
42.2,125.0516462495405,753.9651189787102,120.9832347717516,42.2
42.4,122.7053683623495,757.5044191730981,119.7902124645543,42.4
42.6,120.3917810755311,760.9771524192436,118.6310665052274,42.6
42.8,118.1110148623135,764.3842549112205,117.5047302264684,42.8
43,115.8631605668318,767.7266660481671,116.4101733850044,43
43.2,113.6482780093174,771.005328290709,115.3463936999767,43.2
43.4,111.4663902629891,774.221180958593,114.31242877842,43.4
43.6,109.3174790381658,777.3751663768658,113.307354584969,43.6
43.8,107.2014975568248,780.4682241692145,112.3302782739597,43.8
44,105.1183739631836,783.5012902803337,111.3803357564805,44
44.2,103.0680051560639,786.4753094343373,110.4566854095948,44.2
44.4,101.0502638060421,789.391215300974,109.5585208929784,44.4
44.6,99.06500026482443,792.2499378766016,108.6850618585669,44.6
44.8,97.11204756986794,795.0523951459649,107.8355572841589,44.8
45,95.19121688897505,797.799504954505,107.0092781565115,45
45.2,93.30229350674185,800.4921896283777,106.2055168648721,45.2
45.4,91.44504612377185,803.1313657550357,105.4235881211839,45.4
45.6,89.61923113251738,805.7179396136551,104.6628292538184,45.6
45.8,87.82460065877669,808.2527847642754,103.9226145769388,45.8
46,86.06088708583165,810.7367851319065,103.2023277822537,46
46.2,84.32780960202683,813.1708156415926,102.5013747563743,46.2
46.4,82.62506156856129,815.5557656651611,101.819172766273,46.4
46.6,80.95233973741558,817.8924953754531,101.1551648871281,46.6
46.8,79.309327607509,820.1818563835278,100.5088160089614,46.8
47,77.69569892344531,822.424692278861,99.87960879769352,47
47.2,76.11111778479919,824.6218419505675,99.26704026463482,47.2
47.4,74.55524787458016,826.7741340269823,98.6706180984402,47.4
47.6,73.02774311073185,828.8823862673252,98.08987062194591,47.6
47.8,71.52825302143094,830.947404454069,97.52434252450257,47.8
48,70.05641875007788,832.9699777381009,96.97360351182378,48
48.2,68.6118826975716,834.9508869203544,96.43723038207695,48.2
48.4,67.19428372605657,836.8909118505359,95.91480442341094,48.4
48.6,65.80325916888128,838.7908234828498,95.40591734827171,48.6
48.8,64.43844527814699,840.6513775106112,94.91017721124275,48.8
49,63.09946834059105,842.4733054246476,94.42722623476044,49
49.2,61.7859604779018,844.2573399728012,93.95669954929438,49.2
49.4,60.4975499110592,846.0042008635307,93.49824922540601,49.4
49.6,59.23386221706502,847.7146064624576,93.05153132047147,49.6
49.8,57.99452332489363,849.3892560357634,92.61622063933527,49.8
50,56.77916284006588,851.0288365588526,92.19200060107224,50
50.2,55.58741218751992,852.6340231481902,91.77856466427977,50.2
50.4,54.41890239446481,854.2054824106129,91.37561519491224,50.4
50.6,53.27325641551921,855.7438851706556,90.98285841381515,50.6
50.8,52.15010629621673,857.249882077634,90.60001162613932,50.8
51,51.04908494632777,858.7241149226124,90.22680013104892,51
51.2,49.96983531384788,860.1672007193984,89.86296396674219,51.2
51.4,48.91199719978332,861.579758364451,89.50824443575331,51.4
51.6,47.87521083677392,862.9623951569862,89.16239400622676,51.6
51.8,46.85911825093613,864.3157081338541,88.82517361519562,51.8
52,45.86336799476258,865.6402799895351,88.49635201568725,52
52.2,44.88761368768242,866.9366877049339,88.17569860736774,52.2
52.4,43.93151006765403,868.205495502385,87.86299442994421,52.4
52.6,42.99471449583737,869.4472590765749,87.5580264275704,52.6
52.8,42.07688019367586,870.662526320429,87.26059348587729,52.8
53,41.17766871163345,871.8518348739817,86.97049641436705,53
53.2,40.2967481307953,873.0157123603542,86.68753950883311,53.2
53.4,39.43379235368238,874.154676900255,86.41153074604539,53.4
53.6,38.58847562212742,875.2692387965428,86.14228558131296,53.6
53.8,37.7604742610602,876.3598961424495,85.87962959647408,53.8
54,36.94947242718433,877.4271393395081,85.62338823329178,54
54.2,36.15515746799802,878.4714495311091,85.37339300087763,54.2
54.4,35.37721927216591,879.4933016553869,85.12947907243242,54.4
54.6,34.61535356556949,880.4931594662401,84.89148696817584,54.6
54.8,33.86925922831867,881.4714766717765,84.65926409988988,54.8
55,33.13863897903345,882.4286969481743,84.43266407277727,55
55.2,32.42319987222658,883.3652563307497,84.21154379700927,55.2
55.4,31.72265307098206,884.2815902270779,83.99575670192543,55.4
55.6,31.03671354200907,885.1781209105786,83.78516554739744,55.6
55.8,30.36510063286866,886.0552627490408,83.57963661807459,55.8
56,29.70753920957685,886.9134119363804,83.37904885402665,56
56.2,29.0637574839927,887.7529642523538,83.18327826363797,56.2
56.4,28.43348694715406,888.5743137123094,82.99219934052191,56.4
56.6,27.81646237584324,889.3778532926856,82.8056843314564,56.6
56.8,27.21242361563338,890.1639632394069,82.62361314494326,56.8
57,26.62111773140833,890.9329981378061,82.44588413076721,57
57.2,26.04229407480287,891.6853186908787,82.27238723429817,57.2
57.4,25.47570663439945,892.421275300528,82.10301806505032,57.4
57.6,24.92111123007075,893.1412197231167,81.93766904678817,57.6
57.8,24.37827024468188,893.8454869491455,81.77624280614572,57.8
58,23.84694973311918,894.5344074243698,81.61864284248246,58
58.2,23.32692009711185,895.2083043372272,81.46477556563083,58.2
58.4,22.8179555197233,895.8674945894592,81.31454989078672,58.4
58.6,22.3198312197878,896.5122961010479,81.16787267913331,58.6
58.8,21.83232745906541,897.1430179497722,81.0246545911312,58.8
59,21.35522809632491,897.7599638433277,80.88480806031546,59
59.2,20.88832426857625,898.3634224004871,80.74825333090435,59.2
59.4,20.43140771583335,898.9536850010633,80.61490728307064,59.4
59.6,19.98427488525976,899.5310339719775,80.48469114272912,59.6
59.8,19.54672592766508,900.095745270136,80.35752880216475,59.8
60,19.11856544811106,900.6480878064291,80.23334674542532,60
60.2,18.69959980157602,901.1883299148383,80.11207028355086,60.2
60.4,18.28963984301843,901.7167316520529,79.9936285048931,60.4
60.6,17.88849992722377,902.2335476976695,79.87795237507034,60.6
60.8,17.49599923821641,902.7390235796736,79.7649771820731,60.8
61,17.1119592794777,903.2334027003781,79.65463802010754,61
61.2,16.73620405805636,903.7169254940626,79.54687044784478,61.2
61.4,16.36855943776715,904.1898311681128,79.44160939408377,61.4
61.6,16.00885543332889,904.6523516469161,79.3387929197179,61.6
61.8,15.65692830524189,905.1047069484974,79.2383647462227,61.8
62,15.31261571981937,905.5471167793529,79.14026750078875,62
62.2,14.97575870072757,905.9797957826835,79.0444455165492,62.2
62.4,14.64620028637796,906.402956569994,78.95084314358712,62.4
62.6,14.32378820743138,906.8168036215321,78.85940817099457,62.6
62.8,14.00837256458344,907.2215383420906,78.77008909328282,62.8
63,13.69980613937246,907.6173582712318,78.68283558935215,63
63.2,13.39794496685575,908.0044561963613,78.59759883673891,63.2
63.4,13.10264733630594,908.3830222339998,78.5143304296501,63.4
63.6,12.81377429681584,908.7532424934138,78.43298320972589,63.6
63.8,12.53118957274221,909.1152993046422,78.35351112257095,63.8
64,12.2547605955153,909.4693686591488,78.27587074529148,64
64.2,11.98435648793606,909.8156251134162,78.20001839860367,64.2
64.40000000000001,11.71984893390662,910.1542396209246,78.12591144512525,64.40000000000001
64.59999999999999,11.4611116832081,910.4853807132681,78.0535076034805,64.59999999999999
64.8,11.20802130371997,910.8092125935628,77.98276610267382,64.8
65,10.96045851661193,911.1258925365184,77.91364894682599,65
65.2,10.7183060303628,911.4355754034941,77.84611856609956,65.2
65.40000000000001,10.48144892374362,911.7384127813932,77.78013829482059,65.40000000000001
65.59999999999999,10.24977225809229,912.0345577435281,77.71566999833767,65.59999999999999
65.8,10.02316550091423,912.3241559292478,77.65267856979659,65.8
66,9.801519878151201,912.6073508303198,77.59112929148847,66
66.2,9.584729224856542,912.8842820380942,77.53098873700951,66.2
66.40000000000001,9.372688835492093,913.1550876148638,77.47222354960495,66.40000000000001
66.59999999999999,9.165296561248736,913.4199019905549,77.41480144815799,66.59999999999999
66.8,8.962452253556272,913.6788568785364,77.35869086786933,66.8
67,8.764057840214543,913.9320811355233,77.30386102422443,67
67.2,8.570017711532563,914.1796998065449,77.25028248188494,67.2
67.40000000000001,8.380238089899818,914.4218357015617,77.19792620850119,67.40000000000001
67.59999999999999,8.194627036767404,914.6586091888805,77.14676377431479,67.59999999999999
67.8,8.013094099078081,914.8901389721432,77.09676692874116,67.8
68,7.835551138533437,915.1165402758496,77.04790858557917,68
68.2,7.661912370894012,915.3379247771395,77.00016285192837,68.2
68.40000000000001,7.492093708226074,915.5544019615344,76.95350433020134,68.40000000000001
68.59999999999999,7.32601270597505,915.7660791775261,76.9079081164609,68.59999999999999
68.8,7.163587004350471,915.9730645187161,76.86334847689548,68.8
69,7.004737033706159,916.1754617051172,76.81980126113847,69
69.2,6.849384983210991,916.3733720913336,76.77724292541663,69.2
69.40000000000001,6.697455911144296,916.5668926140121,76.73565147480443,69.40000000000001
69.59999999999999,6.548875276795822,916.7561202441079,76.69500447905646,69.59999999999999
69.8,6.403570057899302,916.9411499741714,76.65527996788906,69.8
70,6.26146903887607,917.1220742705297,76.61645669055346,70
70.2,6.122502718988154,917.2989832205892,76.57851406038132,70.2
70.40000000000001,5.986602844319777,917.4719652382621,76.5414319173764,70.40000000000001
70.59999999999999,5.853702740615779,917.6411066661772,76.50519059316508,70.59999999999999
70.8,5.723736981684993,917.8064922508058,76.46977076746695,70.8
71,5.59664126409367,917.9682054184849,76.43515331737919,71
71.2,5.47235270281111,918.1263276313991,76.40131966574755,71.2
71.40000000000001,5.350810234649985,918.2809377172473,76.3682520480604,71.40000000000001
71.59999999999999,5.231954005656215,918.4321129491956,76.33593304510612,71.59999999999999
71.8,5.115725278018384,918.579929198546,76.30434552339379,71.8
72,5.002065784190214,918.7244620289557,76.27347218681244,72
72.2,4.890919052809229,918.8657843815286,76.24329656562053,72.2
72.40000000000001,4.782229885451783,919.0039675202823,76.21380259422403,72.40000000000001
72.59999999999999,4.675945083103055,919.1390798112036,76.18497510565129,72.59999999999999
72.8,4.57201195063976,919.2711891756757,76.15679887364239,72.8
73,4.47037878376697,919.4003622981104,76.12925891808004,73
73.2,4.370995124262342,919.5266641891321,76.10234068656258,73.2
73.40000000000001,4.273811822748305,919.6501580727353,76.07603010447308,73.40000000000001
73.59999999999999,4.178780750885192,919.7709058063959,76.05031344267515,73.59999999999999
73.8,4.085854811628509,919.8889679409363,76.02517724739147,73.8
74,3.994987824620817,920.0044038455061,76.00060832982921,74
74.2,3.906134309771209,920.1172720652229,75.97659362496213,74.2
74.40000000000001,3.819249887103021,920.2276296620993,75.95312045075401,74.40000000000001
74.59999999999999,3.734290903812718,920.3355328155836,75.93017628055995,74.59999999999999
74.8,3.651215475974631,920.4410351818117,75.90774934217002,74.8
75,3.569982245347653,920.5441898364503,75.88582791815857,75
75.2,3.490550571007083,920.6450489703319,75.86440045861772,75.2
75.40000000000001,3.41288084016218,920.7436633900761,75.84345576971862,75.40000000000001
75.59999999999999,3.336933634351007,920.8400837408667,75.82298262473957,75.59999999999999
75.8,3.262671073436876,920.9343585576288,75.80297036889179,75.8
76,3.190055813247954,921.0265357126156,75.78340847409434,76
76.2,3.119051847506764,921.1166613369692,75.7642868154819,76.2
76.40000000000001,3.04962362699448,921.2047809671288,75.74559540583469,76.40000000000001
76.59999999999999,2.981736418704021,921.2909390778102,75.72732450344382,76.59999999999999
76.8,2.915356131593194,921.3751793038231,75.70946456454182,76.8
77,2.850449349862185,921.4575443992925,75.69200625080342,77
77.2,2.78698359269012,921.5380759061422,75.67494050112577,77.2
77.40000000000001,2.724927054320111,921.6168145060875,75.65825843955051,77.40000000000001
77.59999999999999,2.664248839382201,921.6937997671434,75.64195139343239,77.59999999999999
77.8,2.60491852027665,921.7690705912395,75.62601088844175,77.8
78,2.54690644096061,921.8426649174331,75.6104286415642,78
78.2,2.490183135531152,921.9146203115129,75.59519655291386,78.2
78.40000000000001,2.434720175877516,921.9849731204566,75.58030670362372,78.40000000000001
78.59999999999999,2.38048956448816,922.0537590885215,75.56575134694829,78.59999999999999
78.8,2.327464264657361,922.1210128051655,75.55152293013494,78.8
79,2.275617712888337,922.1867682292612,75.53761405780821,79
79.2,2.224923825663315,922.251058686451,75.52401748784369,79.2
79.40000000000001,2.175357032854345,922.3139167964771,75.51072617062651,79.40000000000001
79.59999999999999,2.126892141634939,922.3753746096818,75.49773324864131,79.59999999999999
79.8,2.079504722658873,922.4354633016424,75.48503197565698,79.8
80,2.033170819190249,922.494213406632,75.47261577413582,80
80.2,1.987867508685019,922.5516543213976,75.46047816987543,80.2
80.40000000000001,1.943571874149143,922.6078152453913,75.44861288041749,80.40000000000001
80.59999999999999,1.900261728215062,922.6627245271853,75.4370137445576,80.59999999999999
80.8,1.85791485562029,922.7164103174684,75.42567482686948,80.8
81,1.816509912609906,922.7688998197324,75.41459026761584,81
81.2,1.776025910735954,922.820219728333,75.40375436088912,81.2
81.40000000000001,1.736442607724899,922.8703959225903,75.39316146964302,81.40000000000001
81.59999999999999,1.697740256759172,922.9194536703523,75.38280607284668,81.59999999999999
81.8,1.659899344850672,922.9674178415095,75.37268281359785,81.8
82,1.622900768685868,923.0143127644864,75.36278646678592,82
82.2,1.58672545010423,923.0601625228753,75.35311202697848,82.2
82.40000000000001,1.551355162467734,923.104990349814,75.3436544876764,82.40000000000001
82.59999999999999,1.516771890278481,923.1488191073114,75.33440900236818,82.59999999999999
82.8,1.482958706351632,923.1916706298194,75.32537066378686,82.8
83,1.449898407210968,923.2335667648197,75.3165348279274,83
83.2,1.417574442572588,923.2745286736447,75.30789688374055,83.2
83.40000000000001,1.38597011720428,923.3145773857673,75.29945249698663,83.40000000000001
83.59999999999999,1.355069338910375,923.3537333108637,75.29119735018415,83.59999999999999
83.8,1.324856382792414,923.3920164001049,75.28312721706064,83.8
84,1.295316042529024,923.4294460412269,75.275237916202,84
84.2,1.266433643756848,923.4660410568003,75.26752529940063,84.2
84.40000000000001,1.238194491730683,923.5018200924064,75.25998541582067,84.40000000000001
84.59999999999999,1.21058434879445,923.5368012855862,75.25261436557716,84.59999999999999
84.8,1.183589080211912,923.5710024992596,75.24540842048619,84.8
85,1.157195122997233,923.6044410411353,75.23836383582511,85
85.2,1.131389128320478,923.6371338866869,75.23147698495013,85.2
85.40000000000001,1.106158066499347,923.6690976268922,75.224744306566,85.40000000000001
85.59999999999999,1.081489172310098,923.7003484954118,75.21816233223549,85.59999999999999
85.8,1.057369966830429,923.73090236779,75.21172766533699,85.8
86,1.033788203158443,923.7607747793799,75.20543701741906,86
86.2,1.010731896362457,923.7899809302369,75.19928717335806,86.2
86.40000000000001,0.988189323937923,923.8185356940397,75.19327498197961,86.40000000000001
86.59999999999999,0.9661490549471493,923.8464535905155,75.18739735449476,86.59999999999999
86.8,0.944599997676816,923.8737487641979,75.18165123808278,86.8
87,0.9235311808556079,923.9004351266033,75.17603369249863,87
87.2,0.902931920323804,923.9265262520097,75.17054182762396,87.2
87.40000000000001,0.88279171072953,923.9520354205889,75.16517286863902,87.40000000000001
87.59999999999999,0.8631003336626167,923.9769756122224,75.15992405407248,87.59999999999999
87.8,0.843847771908126,924.0013595231105,75.15479270493891,87.8
88,0.8250243231256016,924.0251995221827,75.14977615464915,88
88.2,0.8066204468584786,924.048507729246,75.14487182385305,88.2
88.40000000000001,0.7886268286419021,924.0712959883066,75.14007718300904,88.40000000000001
88.59999999999999,0.7710343141947428,924.0935758960687,75.13538978969402,88.59999999999999
88.8,0.7538339313772305,924.1153587992496,75.13080726933076,88.8
89,0.7370169587544946,924.1366557736019,75.1263272676011,89
89.2,0.7205748603614867,924.1574776512794,75.12194748831664,89.2
89.40000000000001,0.7044993634369225,924.17783499296,75.11766564356043,89.40000000000001
89.59999999999999,0.6887822958419328,924.1977381623011,75.11347954181447,89.59999999999999
89.8,0.6734157004061144,924.2171972801387,75.10938701941255,89.8
90,0.6583916994922642,924.2362222619753,75.1053860384899,90
90.2,0.6437026722272535,924.2548227906416,75.10147453708855,90.2
90.40000000000001,0.6293411251562933,924.2730083451146,75.09765052968653,90.40000000000001
90.59999999999999,0.6152998198053068,924.2907881565982,75.09391202355395,90.59999999999999
90.8,0.601571644963578,924.3081712668729,75.09025708812077,90.8
91,0.5881496278504903,924.3251665271134,75.08668384499353,91
91.2,0.5750269361762894,924.3417825892694,75.0831904745118,91.2
91.40000000000001,0.5621968505304132,924.3580279193561,75.07977523007094,91.40000000000001
91.59999999999999,0.5496528513183492,924.373910788973,75.076436359666,91.59999999999999
91.8,0.5373885494218154,924.3894392866721,75.07317216386335,91.8
92,0.5253977948080679,924.4046212907344,75.06998091441477,92
92.2,0.5136744776135534,924.4194645356507,75.06686098669306,92.2
92.40000000000001,0.5022126671920188,924.4339765714626,75.06381076130278,92.40000000000001
92.59999999999999,0.4910064658467062,924.4481647956615,75.06082873844936,92.59999999999999
92.8,0.4800501829829196,924.4620364300267,75.05791338694772,92.8
93,0.4693382286574497,924.4755985407701,75.05506323052991,93
93.2,0.4588651919718411,924.4888580235228,75.05227678446288,93.2
93.40000000000001,0.4486257859803126,924.5018216206537,75.04955259332324,93.40000000000001
93.59999999999999,0.4386148052345246,924.5144959350553,75.04688925966758,93.59999999999999
93.8,0.4288271581797697,924.5268874192657,75.04428542251202,93.8
94,0.4192578084436265,924.5390023857206,75.0417398057933,94
94.2,0.4099018951416983,924.5508470050285,75.03925109978709,94.2
94.40000000000001,0.4007546376297082,924.5624273126235,75.03681804970404,94.40000000000001
94.59999999999999,0.3918114673174945,924.5737491905686,75.03443934207112,94.59999999999999
94.8,0.3830678159155232,924.5848184104308,75.03211377361109,94.8
95,0.3745192584542176,924.5956406093036,75.02984013219951,95
95.2,0.3661613975421013,924.6062212963326,75.02761730608266,95.2
95.40000000000001,0.357989969584821,924.6165658601697,75.02544417020295,95.40000000000001
95.59999999999999,0.3500008045747387,924.6266795706188,75.02331962476397,95.59999999999999
95.8,0.342189856265403,924.636567577188,75.0212425665039,95.8
96,0.3345531961441898,924.6462349134312,75.01921189038195,96
96.2,0.3270869344631286,924.6556865058126,75.0172265596815,96.2
96.40000000000001,0.3197872795198676,924.6649271682045,75.01528555223311,96.40000000000001
96.59999999999999,0.3126504580161335,924.6739615991737,75.01338794276752,96.59999999999999
96.8,0.3056728478590133,924.6827944019915,75.01153275010689,96.8
97,0.2988508744228608,924.6914300743227,75.00971905121182,97
97.2,0.2921811383704185,924.6998730184243,75.00794584316236,97.2
97.40000000000001,0.2856602292045144,924.7081275360462,75.0062122347065,97.40000000000001
97.59999999999999,0.279284846737285,924.7161978362059,75.00451731701416,97.59999999999999
97.8,0.2730517167292669,924.7240880207853,75.00286026244274,97.8
98,0.2669576458832954,924.7318021032191,75.00124025085505,98
98.2,0.2609995269933665,924.7393440128502,74.9996564601137,98.2
98.40000000000001,0.2551743327990941,924.7467175930401,74.99810807411802,98.40000000000001
98.59999999999999,0.2494791425084173,924.7539266099166,74.99659424753223,98.59999999999999
98.8,0.2439110495614657,924.7609747375673,74.99511421282838,98.8
99,0.2384672303684309,924.7678655711622,74.99366719842672,99
99.2,0.2331448648063455,924.7746025965722,74.9922525385789,99.2
99.40000000000001,0.2279412523868509,924.7811892507806,74.99086949678995,99.40000000000001
99.59999999999999,0.2228537265938534,924.7876288821813,74.98951739118213,99.59999999999999
99.8,0.2178797390227798,924.7939247899849,74.98819547094965,99.8
100,0.2130167573034872,924.8000801840374,74.98690305861619,100
100,0.2130167573034872,924.8000801840374,74.98690305861619,100
